<?xml version="1.0" encoding="UTF-8"?>
<GenRun Id="impl_1" LaunchPart="xc7z020clg484-1" LaunchTime="1639503804">
  <File Type="CFI_FILE" Name="audio_mixer_wrapper.cfi"/>
  <File Type="RCFI_FILE" Name="audio_mixer_wrapper.rcfi"/>
  <File Type="PDI-FILE" Name="audio_mixer_wrapper.pdi"/>
  <File Type="ROUTE-METHODOLOGY-DRC-RPX" Name="audio_mixer_wrapper_methodology_drc_routed.rpx"/>
  <File Type="ROUTE-DRC-RPX" Name="audio_mixer_wrapper_drc_routed.rpx"/>
  <File Type="ROUTE-METHODOLOGY-DRC-PB" Name="audio_mixer_wrapper_methodology_drc_routed.pb"/>
  <File Type="ROUTE-METHODOLOGY-DRC" Name="audio_mixer_wrapper_methodology_drc_routed.rpt"/>
  <File Type="POSTROUTE-PHYSOPT-BLACKBOX-DCP" Name="audio_mixer_wrapper_postroute_physopt_bb.dcp"/>
  <File Type="POSTROUTE-PHYSOPT-DCP" Name="audio_mixer_wrapper_postroute_physopt.dcp"/>
  <File Type="PHYSOPT-DCP" Name="audio_mixer_wrapper_physopt.dcp"/>
  <File Type="POSTPLACE-PWROPT-DCP" Name="audio_mixer_wrapper_postplace_pwropt.dcp"/>
  <File Type="PWROPT-DCP" Name="audio_mixer_wrapper_pwropt.dcp"/>
  <File Type="PLACE-DCP" Name="audio_mixer_wrapper_placed.dcp"/>
  <File Type="OPT-DCP" Name="audio_mixer_wrapper_opt.dcp"/>
  <File Type="ROUTE-BUS-SKEW" Name="audio_mixer_wrapper_bus_skew_routed.rpt"/>
  <File Type="ROUTE-CLK" Name="audio_mixer_wrapper_clock_utilization_routed.rpt"/>
  <File Type="ROUTE-TIMING-RPX" Name="audio_mixer_wrapper_timing_summary_routed.rpx"/>
  <File Type="BITSTR-LTX" Name="debug_nets.ltx"/>
  <File Type="BITSTR-LTX" Name="audio_mixer_wrapper.ltx"/>
  <File Type="BITSTR-SYSDEF" Name="audio_mixer_wrapper.sysdef"/>
  <File Type="BITSTR-MMI" Name="audio_mixer_wrapper.mmi"/>
  <File Type="BITSTR-BMM" Name="audio_mixer_wrapper_bd.bmm"/>
  <File Type="BITSTR-NKY" Name="audio_mixer_wrapper.nky"/>
  <File Type="BITSTR-RBT" Name="audio_mixer_wrapper.rbt"/>
  <File Type="ROUTE-BUS-SKEW-RPX" Name="audio_mixer_wrapper_bus_skew_routed.rpx"/>
  <File Type="REPORTS-TCL" Name="audio_mixer_wrapper_reports.tcl"/>
  <File Type="BITSTR-MSK" Name="audio_mixer_wrapper.msk"/>
  <File Type="ROUTE-BUS-SKEW-PB" Name="audio_mixer_wrapper_bus_skew_routed.pb"/>
  <File Type="PA-TCL" Name="audio_mixer_wrapper.tcl"/>
  <File Type="ROUTE-TIMING-PB" Name="audio_mixer_wrapper_timing_summary_routed.pb"/>
  <File Type="OPT-DRC" Name="audio_mixer_wrapper_drc_opted.rpt"/>
  <File Type="RBD_FILE" Name="audio_mixer_wrapper.rbd"/>
  <File Type="BG-BIN" Name="audio_mixer_wrapper.bin"/>
  <File Type="ROUTE-TIMINGSUMMARY" Name="audio_mixer_wrapper_timing_summary_routed.rpt"/>
  <File Type="NPI_FILE" Name="audio_mixer_wrapper.npi"/>
  <File Type="BG-BGN" Name="audio_mixer_wrapper.bgn"/>
  <File Type="ROUTE-BLACKBOX-DCP" Name="audio_mixer_wrapper_routed_bb.dcp"/>
  <File Type="WBT-USG" Name="usage_statistics_webtalk.html"/>
  <File Type="RDI-RDI" Name="audio_mixer_wrapper.vdi"/>
  <File Type="RNPI_FILE" Name="audio_mixer_wrapper.rnpi"/>
  <File Type="BG-DRC" Name="audio_mixer_wrapper.drc"/>
  <File Type="ROUTE-ERROR-DCP" Name="audio_mixer_wrapper_routed_error.dcp"/>
  <File Type="BG-BIT" Name="audio_mixer_wrapper.bit"/>
  <File Type="ROUTE-STATUS-PB" Name="audio_mixer_wrapper_route_status.pb"/>
  <File Type="OPT-HWDEF" Name="audio_mixer_wrapper.hwdef"/>
  <File Type="PLACE-IO" Name="audio_mixer_wrapper_io_placed.rpt"/>
  <File Type="PLACE-UTIL" Name="audio_mixer_wrapper_utilization_placed.rpt"/>
  <File Type="PLACE-UTIL-PB" Name="audio_mixer_wrapper_utilization_placed.pb"/>
  <File Type="PLACE-CTRL" Name="audio_mixer_wrapper_control_sets_placed.rpt"/>
  <File Type="PLACE-PRE-SIMILARITY" Name="audio_mixer_wrapper_incremental_reuse_pre_placed.rpt"/>
  <File Type="ROUTE-DRC" Name="audio_mixer_wrapper_drc_routed.rpt"/>
  <File Type="ROUTE-DRC-PB" Name="audio_mixer_wrapper_drc_routed.pb"/>
  <File Type="ROUTE-PWR" Name="audio_mixer_wrapper_power_routed.rpt"/>
  <File Type="ROUTE-PWR-SUM" Name="audio_mixer_wrapper_power_summary_routed.pb"/>
  <File Type="ROUTE-PWR-RPX" Name="audio_mixer_wrapper_power_routed.rpx"/>
  <File Type="ROUTE-STATUS" Name="audio_mixer_wrapper_route_status.rpt"/>
  <File Type="ROUTE-DCP" Name="audio_mixer_wrapper_routed.dcp"/>
  <FileSet Name="sources" Type="DesignSrcs" RelSrcDir="$PSRCDIR/sources_1">
    <Filter Type="Srcs"/>
    <File Path="$PSRCDIR/sources_1/bd/audio_mixer/audio_mixer.bd">
      <FileInfo>
        <Attr Name="ImportPath" Val="$PPRDIR/../../../../workspace/audio_mixer/vivado/mixer_project.srcs/sources_1/bd/audio_mixer/audio_mixer.bd"/>
        <Attr Name="ImportTime" Val="1639503798"/>
        <Attr Name="UsedIn" Val="synthesis"/>
        <Attr Name="UsedIn" Val="implementation"/>
        <Attr Name="UsedIn" Val="simulation"/>
      </FileInfo>
    </File>
    <File Path="$PSRCDIR/sources_1/bd/audio_mixer/hdl/audio_mixer_wrapper.vhd">
      <FileInfo>
        <Attr Name="ImportPath" Val="$PPRDIR/../../../../workspace/audio_mixer/vivado/mixer_project.srcs/sources_1/bd/audio_mixer/hdl/audio_mixer_wrapper.vhd"/>
        <Attr Name="ImportTime" Val="1639503799"/>
        <Attr Name="UsedIn" Val="synthesis"/>
        <Attr Name="UsedIn" Val="simulation"/>
      </FileInfo>
    </File>
    <File Path="$PSRCDIR/sources_1/bd/audio_mixer/ip/audio_mixer_ZedboardOLED_0_0/src/charLib/charLib.coe">
      <FileInfo>
        <Attr Name="ImportPath" Val="$PPRDIR/../../../../workspace/audio_mixer/vivado/mixer_project.srcs/sources_1/bd/audio_mixer/ip/audio_mixer_ZedboardOLED_0_0/src/charLib/charLib.coe"/>
        <Attr Name="ImportTime" Val="1639496453"/>
        <Attr Name="UsedIn" Val="synthesis"/>
        <Attr Name="UsedIn" Val="simulation"/>
      </FileInfo>
    </File>
    <Config>
      <Option Name="DesignMode" Val="RTL"/>
      <Option Name="TopModule" Val="audio_mixer_wrapper"/>
      <Option Name="TopAutoSet" Val="TRUE"/>
    </Config>
  </FileSet>
  <FileSet Name="constrs_in" Type="Constrs" RelSrcDir="$PSRCDIR/constrs_1">
    <Filter Type="Constrs"/>
    <File Path="$PSRCDIR/constrs_1/imports/constraints/zed_audio.xdc">
      <FileInfo>
        <Attr Name="ImportPath" Val="$PPRDIR/../../../../workspace/audio_mixer/ip_repo/audio/constraints/zed_audio.xdc"/>
        <Attr Name="ImportTime" Val="1636718187"/>
        <Attr Name="UsedIn" Val="synthesis"/>
        <Attr Name="UsedIn" Val="implementation"/>
      </FileInfo>
    </File>
    <Config>
      <Option Name="ConstrsType" Val="XDC"/>
    </Config>
  </FileSet>
  <FileSet Name="utils" Type="Utils" RelSrcDir="$PSRCDIR/utils_1">
    <Filter Type="Utils"/>
    <Config>
      <Option Name="TopAutoSet" Val="TRUE"/>
    </Config>
  </FileSet>
  <Strategy Version="1" Minor="2">
    <StratHandle Name="Vivado Implementation Defaults" Flow="Vivado Implementation 2020"/>
    <Step Id="init_design"/>
    <Step Id="opt_design"/>
    <Step Id="power_opt_design"/>
    <Step Id="place_design"/>
    <Step Id="post_place_power_opt_design"/>
    <Step Id="phys_opt_design"/>
    <Step Id="route_design"/>
    <Step Id="post_route_phys_opt_design"/>
    <Step Id="write_bitstream"/>
    <Step Id="write_device_image"/>
  </Strategy>
  <BlockFileSet Type="BlockSrcs" Name="audio_mixer_FILTER_IIR_1_0"/>
  <BlockFileSet Type="BlockSrcs" Name="audio_mixer_Volume_Pregain_0_0"/>
  <BlockFileSet Type="BlockSrcs" Name="audio_mixer_audio_0_0"/>
  <BlockFileSet Type="BlockSrcs" Name="audio_mixer_processing_system7_0_0"/>
  <BlockFileSet Type="BlockSrcs" Name="audio_mixer_ZedboardOLED_0_0"/>
  <BlockFileSet Type="BlockSrcs" Name="audio_mixer_xbar_0"/>
  <BlockFileSet Type="BlockSrcs" Name="audio_mixer_Volume_Pregain_1_0"/>
  <BlockFileSet Type="BlockSrcs" Name="audio_mixer_axi_gpio_0_2"/>
  <BlockFileSet Type="BlockSrcs" Name="audio_mixer_FILTER_IIR_0_0"/>
</GenRun>
