<?xml version="1.0" encoding="UTF-8"?>
<GenRun Id="synth_1" LaunchPart="xc7z020clg484-1" LaunchTime="1639503802">
  <File Type="REPORTS-TCL" Name="audio_mixer_wrapper_reports.tcl"/>
  <File Type="PA-TCL" Name="audio_mixer_wrapper.tcl"/>
  <File Type="RDS-DCP" Name="audio_mixer_wrapper.dcp"/>
  <File Type="RDS-RDS" Name="audio_mixer_wrapper.vds"/>
  <File Type="RDS-UTIL" Name="audio_mixer_wrapper_utilization_synth.rpt"/>
  <File Type="RDS-UTIL-PB" Name="audio_mixer_wrapper_utilization_synth.pb"/>
  <FileSet Name="sources" Type="DesignSrcs" RelSrcDir="$PSRCDIR/sources_1">
    <Filter Type="Srcs"/>
    <File Path="$PSRCDIR/sources_1/bd/audio_mixer/audio_mixer.bd">
      <FileInfo>
        <Attr Name="ImportPath" Val="$PPRDIR/../../../../workspace/audio_mixer/vivado/mixer_project.srcs/sources_1/bd/audio_mixer/audio_mixer.bd"/>
        <Attr Name="ImportTime" Val="1639503798"/>
        <Attr Name="UsedIn" Val="synthesis"/>
        <Attr Name="UsedIn" Val="implementation"/>
        <Attr Name="UsedIn" Val="simulation"/>
      </FileInfo>
    </File>
    <File Path="$PSRCDIR/sources_1/bd/audio_mixer/hdl/audio_mixer_wrapper.vhd">
      <FileInfo>
        <Attr Name="ImportPath" Val="$PPRDIR/../../../../workspace/audio_mixer/vivado/mixer_project.srcs/sources_1/bd/audio_mixer/hdl/audio_mixer_wrapper.vhd"/>
        <Attr Name="ImportTime" Val="1639503799"/>
        <Attr Name="UsedIn" Val="synthesis"/>
        <Attr Name="UsedIn" Val="simulation"/>
      </FileInfo>
    </File>
    <File Path="$PSRCDIR/sources_1/bd/audio_mixer/ip/audio_mixer_ZedboardOLED_0_0/src/charLib/charLib.coe">
      <FileInfo>
        <Attr Name="ImportPath" Val="$PPRDIR/../../../../workspace/audio_mixer/vivado/mixer_project.srcs/sources_1/bd/audio_mixer/ip/audio_mixer_ZedboardOLED_0_0/src/charLib/charLib.coe"/>
        <Attr Name="ImportTime" Val="1639496453"/>
        <Attr Name="UsedIn" Val="synthesis"/>
        <Attr Name="UsedIn" Val="simulation"/>
      </FileInfo>
    </File>
    <Config>
      <Option Name="DesignMode" Val="RTL"/>
      <Option Name="TopModule" Val="audio_mixer_wrapper"/>
      <Option Name="TopAutoSet" Val="TRUE"/>
    </Config>
  </FileSet>
  <FileSet Name="constrs_in" Type="Constrs" RelSrcDir="$PSRCDIR/constrs_1">
    <Filter Type="Constrs"/>
    <File Path="$PSRCDIR/constrs_1/imports/constraints/zed_audio.xdc">
      <FileInfo>
        <Attr Name="ImportPath" Val="$PPRDIR/../../../../workspace/audio_mixer/ip_repo/audio/constraints/zed_audio.xdc"/>
        <Attr Name="ImportTime" Val="1636718187"/>
        <Attr Name="UsedIn" Val="synthesis"/>
        <Attr Name="UsedIn" Val="implementation"/>
      </FileInfo>
    </File>
    <Config>
      <Option Name="ConstrsType" Val="XDC"/>
    </Config>
  </FileSet>
  <FileSet Name="utils" Type="Utils" RelSrcDir="$PSRCDIR/utils_1">
    <Filter Type="Utils"/>
    <Config>
      <Option Name="TopAutoSet" Val="TRUE"/>
    </Config>
  </FileSet>
  <Strategy Version="1" Minor="2">
    <StratHandle Name="Vivado Synthesis Defaults" Flow="Vivado Synthesis 2020"/>
    <Step Id="synth_design"/>
  </Strategy>
  <BlockFileSet Type="BlockSrcs" Name="audio_mixer_FILTER_IIR_1_0"/>
  <BlockFileSet Type="BlockSrcs" Name="audio_mixer_Volume_Pregain_0_0"/>
  <BlockFileSet Type="BlockSrcs" Name="audio_mixer_audio_0_0"/>
  <BlockFileSet Type="BlockSrcs" Name="audio_mixer_processing_system7_0_0"/>
  <BlockFileSet Type="BlockSrcs" Name="audio_mixer_ZedboardOLED_0_0"/>
  <BlockFileSet Type="BlockSrcs" Name="audio_mixer_xbar_0"/>
  <BlockFileSet Type="BlockSrcs" Name="audio_mixer_Volume_Pregain_1_0"/>
  <BlockFileSet Type="BlockSrcs" Name="audio_mixer_axi_gpio_0_2"/>
  <BlockFileSet Type="BlockSrcs" Name="audio_mixer_FILTER_IIR_0_0"/>
</GenRun>
